timestamp,IP_ORIGEM,PORTA_ORIGEM,ZONA_ORIGEM,IP_DESTINO,PORTA_DESTINO,ZONA_DESTINO,PROTOCOLO,APLICACAO,DURACAO_SESSAO,FINAL_SESSAO,BYTES,BYTES_RECEBIDOS,BYTES_ENVIADOS,LABEL
2022-09-12T21:22:11.000-03:00,150161196122,57791,UFPE,150.161.50.130,22,REDE_PRODUCAO,tcp,ssh,35,tcp-fin,8214,4669,3545,Brute-Force SSH
2022-09-12T21:22:11.000-03:00,150161196122,57790,UFPE,150.161.50.130,22,REDE_PRODUCAO,tcp,ssh,35,tcp-fin,8334,4855,3479,Brute-Force SSH
2022-09-12T21:22:12.000-03:00,150161196122,57787,UFPE,150.161.50.130,22,REDE_PRODUCAO,tcp,ssh,36,tcp-fin,8002,4643,3359,Brute-Force SSH
2022-09-12T21:22:12.000-03:00,150161196122,57788,UFPE,150.161.50.130,22,REDE_PRODUCAO,tcp,ssh,36,tcp-fin,8156,4797,3359,Brute-Force SSH
2022-09-12T21:22:12.000-03:00,150161196122,57792,UFPE,150.161.50.130,22,REDE_PRODUCAO,tcp,ssh,36,tcp-fin,9730,6121,3609,Brute-Force SSH
2022-09-12T21:22:12.000-03:00,150161196122,57784,UFPE,150.161.50.130,22,REDE_PRODUCAO,tcp,ssh,36,tcp-fin,8452,4945,3507,Brute-Force SSH
2022-09-12T21:22:13.000-03:00,150161196122,57786,UFPE,150.161.50.130,22,REDE_PRODUCAO,tcp,ssh,36,tcp-fin,8982,5563,3419,Brute-Force SSH
2022-09-12T21:22:31.000-03:00,150161196122,57797,UFPE,150.161.50.130,22,REDE_PRODUCAO,tcp,ssh,34,tcp-fin,7814,4515,3299,Brute-Force SSH
2022-09-12T21:22:32.000-03:00,150161196122,57800,UFPE,150.161.50.130,22,REDE_PRODUCAO,tcp,ssh,36,tcp-fin,9388,5897,3491,Brute-Force SSH
2022-09-12T21:22:32.000-03:00,150161196122,57804,UFPE,150.161.50.130,22,REDE_PRODUCAO,tcp,ssh,35,tcp-fin,8858,5499,3359,Brute-Force SSH
2022-09-12T21:22:32.000-03:00,150161196122,57799,UFPE,150.161.50.130,22,REDE_PRODUCAO,tcp,ssh,36,tcp-fin,9384,5653,3731,Brute-Force SSH
2022-09-12T21:22:32.000-03:00,150161196122,57801,UFPE,150.161.50.130,22,REDE_PRODUCAO,tcp,ssh,35,tcp-fin,8314,4823,3491,Brute-Force SSH
2022-09-12T21:22:34.000-03:00,150161196122,57803,UFPE,150.161.50.130,22,REDE_PRODUCAO,tcp,ssh,37,tcp-fin,9394,5897,3497,Brute-Force SSH
2022-09-12T21:22:51.000-03:00,150161196122,57819,UFPE,150.161.50.130,22,REDE_PRODUCAO,tcp,ssh,34,tcp-fin,7874,4515,3359,Brute-Force SSH
2022-09-12T21:22:51.000-03:00,150161196122,57815,UFPE,150.161.50.130,22,REDE_PRODUCAO,tcp,ssh,35,tcp-fin,8050,4669,3381,Brute-Force SSH
2022-09-12T21:22:52.000-03:00,150161196122,57816,UFPE,150.161.50.130,22,REDE_PRODUCAO,tcp,ssh,36,tcp-fin,9400,5903,3497,Brute-Force SSH
2022-09-12T21:22:52.000-03:00,150161196122,57817,UFPE,150.161.50.130,22,REDE_PRODUCAO,tcp,ssh,36,tcp-fin,9404,5897,3507,Brute-Force SSH
2022-09-12T21:22:54.000-03:00,150161196122,57822,UFPE,150.161.50.130,22,REDE_PRODUCAO,tcp,ssh,35,tcp-fin,7880,4515,3365,Brute-Force SSH
2022-09-12T21:22:54.000-03:00,150161196122,57823,UFPE,150.161.50.130,22,REDE_PRODUCAO,tcp,ssh,35,tcp-fin,7752,4393,3359,Brute-Force SSH
2022-09-12T21:22:55.000-03:00,150161196122,57824,UFPE,150.161.50.130,22,REDE_PRODUCAO,tcp,ssh,34,tcp-fin,7966,4547,3419,Brute-Force SSH
2022-09-12T21:23:09.000-03:00,150161196122,57826,UFPE,150.161.50.130,22,REDE_PRODUCAO,tcp,ssh,33,tcp-fin,7880,4515,3365,Brute-Force SSH
2022-09-12T21:23:10.000-03:00,150161196122,57827,UFPE,150.161.50.130,22,REDE_PRODUCAO,tcp,ssh,34,tcp-fin,8188,4823,3365,Brute-Force SSH
2022-09-12T21:23:10.000-03:00,150161196122,57828,UFPE,150.161.50.130,22,REDE_PRODUCAO,tcp,ssh,34,tcp-fin,8062,4637,3425,Brute-Force SSH
2022-09-12T21:23:12.000-03:00,150161196122,57832,UFPE,150.161.50.130,22,REDE_PRODUCAO,tcp,ssh,35,tcp-fin,9576,6025,3551,Brute-Force SSH
2022-09-12T21:23:12.000-03:00,150161196122,57831,UFPE,150.161.50.130,22,REDE_PRODUCAO,tcp,ssh,35,tcp-fin,8716,5153,3563,Brute-Force SSH
2022-09-12T21:23:15.000-03:00,150161196122,57834,UFPE,150.161.50.130,22,REDE_PRODUCAO,tcp,ssh,35,tcp-fin,8376,4945,3431,Brute-Force SSH
2022-09-12T21:23:15.000-03:00,150161196122,57835,UFPE,150.161.50.130,22,REDE_PRODUCAO,tcp,ssh,35,tcp-fin,7841,4536,3305,Brute-Force SSH
2022-09-12T21:23:20.000-03:00,150161196122,57829,UFPE,150.161.50.130,22,REDE_PRODUCAO,tcp,ssh,44,tcp-fin,8314,4823,3491,Brute-Force SSH
2022-09-12T21:23:29.000-03:00,150161196122,57836,UFPE,150.161.50.130,22,REDE_PRODUCAO,tcp,ssh,35,tcp-fin,8034,4669,3365,Brute-Force SSH
2022-09-12T21:23:29.000-03:00,150161196122,57839,UFPE,150.161.50.130,22,REDE_PRODUCAO,tcp,ssh,34,tcp-fin,7806,4393,3413,Brute-Force SSH
2022-09-12T21:23:30.000-03:00,150161196122,57840,UFPE,150.161.50.130,22,REDE_PRODUCAO,tcp,ssh,33,tcp-fin,9234,5743,3491,Brute-Force SSH
2022-09-12T21:23:30.000-03:00,150161196122,57837,UFPE,150.161.50.130,22,REDE_PRODUCAO,tcp,ssh,36,tcp-fin,9200,5829,3371,Brute-Force SSH
2022-09-12T21:23:30.000-03:00,150161196122,57841,UFPE,150.161.50.130,22,REDE_PRODUCAO,tcp,ssh,33,tcp-fin,8110,4637,3473,Brute-Force SSH
2022-09-12T21:23:33.000-03:00,150161196122,57838,UFPE,150.161.50.130,22,REDE_PRODUCAO,tcp,ssh,35,tcp-fin,7812,4393,3419,Brute-Force SSH
2022-09-12T21:23:33.000-03:00,150161196122,57843,UFPE,150.161.50.130,22,REDE_PRODUCAO,tcp,ssh,33,tcp-fin,9374,5807,3567,Brute-Force SSH
2022-09-12T21:23:34.000-03:00,150161196122,57842,UFPE,150.161.50.130,22,REDE_PRODUCAO,tcp,ssh,36,tcp-fin,7874,4515,3359,Brute-Force SSH
2022-09-12T21:23:34.000-03:00,150161196122,57844,UFPE,150.161.50.130,22,REDE_PRODUCAO,tcp,ssh,34,tcp-fin,8248,4823,3425,Brute-Force SSH
2022-09-12T21:23:39.000-03:00,150161196122,57845,UFPE,150.161.50.130,22,REDE_PRODUCAO,tcp,ssh,34,tcp-fin,9266,5775,3491,Brute-Force SSH
2022-09-12T21:23:49.000-03:00,150161196122,57852,UFPE,150.161.50.130,22,REDE_PRODUCAO,tcp,ssh,34,tcp-fin,7906,4547,3359,Brute-Force SSH
2022-09-12T21:23:49.000-03:00,150161196122,57851,UFPE,150.161.50.130,22,REDE_PRODUCAO,tcp,ssh,35,tcp-fin,7966,4547,3419,Brute-Force SSH
2022-09-12T21:23:49.000-03:00,150161196122,57853,UFPE,150.161.50.130,22,REDE_PRODUCAO,tcp,ssh,34,tcp-fin,7696,4457,3239,Brute-Force SSH
2022-09-12T21:23:50.000-03:00,150161196122,57854,UFPE,150.161.50.130,22,REDE_PRODUCAO,tcp,ssh,35,tcp-fin,9844,6259,3585,Brute-Force SSH
2022-09-12T21:23:52.000-03:00,150161196122,57855,UFPE,150.161.50.130,22,REDE_PRODUCAO,tcp,ssh,35,tcp-fin,8034,4669,3365,Brute-Force SSH
2022-09-12T21:23:52.000-03:00,150161196122,57856,UFPE,150.161.50.130,22,REDE_PRODUCAO,tcp,ssh,34,tcp-fin,7626,4393,3233,Brute-Force SSH
2022-09-12T21:23:54.000-03:00,150161196122,57857,UFPE,150.161.50.130,22,REDE_PRODUCAO,tcp,ssh,36,tcp-fin,8222,4845,3377,Brute-Force SSH
2022-09-12T21:23:55.000-03:00,150161196122,57858,UFPE,150.161.50.130,22,REDE_PRODUCAO,tcp,ssh,36,tcp-fin,8032,4739,3293,Brute-Force SSH
2022-09-12T21:23:58.000-03:00,150161196122,57859,UFPE,150.161.50.130,22,REDE_PRODUCAO,tcp,ssh,34,tcp-fin,8502,4945,3557,Brute-Force SSH
2022-09-12T21:24:06.000-03:00,150161196122,57861,UFPE,150.161.50.130,22,REDE_PRODUCAO,tcp,ssh,32,tcp-fin,7906,4547,3359,Brute-Force SSH
2022-09-12T21:24:06.000-03:00,150161196122,57862,UFPE,150.161.50.130,22,REDE_PRODUCAO,tcp,ssh,31,tcp-fin,7746,4393,3353,Brute-Force SSH
2022-09-12T21:24:07.000-03:00,150161196122,57864,UFPE,150.161.50.130,22,REDE_PRODUCAO,tcp,ssh,33,tcp-fin,8126,4701,3425,Brute-Force SSH
2022-09-12T21:24:08.000-03:00,150161196122,57863,UFPE,150.161.50.130,22,REDE_PRODUCAO,tcp,ssh,33,tcp-fin,7746,4393,3353,Brute-Force SSH
2022-09-12T21:24:09.000-03:00,150161196122,57860,UFPE,150.161.50.130,22,REDE_PRODUCAO,tcp,ssh,35,tcp-fin,8204,4877,3327,Brute-Force SSH
2022-09-12T21:24:10.000-03:00,150161196122,57866,UFPE,150.161.50.130,22,REDE_PRODUCAO,tcp,ssh,33,tcp-fin,8282,4791,3491,Brute-Force SSH
2022-09-12T21:24:12.000-03:00,150161196122,57867,UFPE,150.161.50.130,22,REDE_PRODUCAO,tcp,ssh,35,tcp-fin,9046,5621,3425,Brute-Force SSH
2022-09-12T21:24:13.000-03:00,150161196122,57868,UFPE,150.161.50.130,22,REDE_PRODUCAO,tcp,ssh,34,tcp-fin,7748,4515,3233,Brute-Force SSH
2022-09-12T21:24:17.000-03:00,150161196122,57869,UFPE,150.161.50.130,22,REDE_PRODUCAO,tcp,ssh,36,tcp-fin,8874,5371,3503,Brute-Force SSH
2022-09-12T21:24:17.000-03:00,150161196122,57872,UFPE,150.161.50.130,22,REDE_PRODUCAO,tcp,ssh,33,tcp-fin,7912,4547,3365,Brute-Force SSH
2022-09-12T21:24:26.000-03:00,150161196122,57873,UFPE,150.161.50.130,22,REDE_PRODUCAO,tcp,ssh,35,tcp-fin,8378,4887,3491,Brute-Force SSH
2022-09-12T21:24:27.000-03:00,150161196122,57875,UFPE,150.161.50.130,22,REDE_PRODUCAO,tcp,ssh,36,tcp-fin,8336,4823,3513,Brute-Force SSH
2022-09-12T21:24:30.000-03:00,150161196122,57877,UFPE,150.161.50.130,22,REDE_PRODUCAO,tcp,ssh,35,tcp-fin,8373,4870,3503,Brute-Force SSH
2022-09-12T21:24:30.000-03:00,150161196122,57878,UFPE,150.161.50.130,22,REDE_PRODUCAO,tcp,ssh,36,tcp-fin,8344,4919,3425,Brute-Force SSH
2022-09-12T21:24:32.000-03:00,150161196122,57876,UFPE,150.161.50.130,22,REDE_PRODUCAO,tcp,ssh,36,tcp-fin,7626,4393,3233,Brute-Force SSH
2022-09-12T21:24:33.000-03:00,150161196122,57879,UFPE,150.161.50.130,22,REDE_PRODUCAO,tcp,ssh,36,tcp-fin,9664,6019,3645,Brute-Force SSH
2022-09-12T21:24:37.000-03:00,150161196122,57881,UFPE,150.161.50.130,22,REDE_PRODUCAO,tcp,ssh,36,tcp-fin,8468,4977,3491,Brute-Force SSH
2022-09-12T21:24:39.000-03:00,150161196122,57882,UFPE,150.161.50.130,22,REDE_PRODUCAO,tcp,ssh,36,tcp-fin,7808,4515,3293,Brute-Force SSH
2022-09-12T21:24:49.000-03:00,150161196122,57884,UFPE,150.161.50.130,22,REDE_PRODUCAO,tcp,ssh,36,tcp-fin,8656,5099,3557,Brute-Force SSH
2022-09-12T21:24:49.000-03:00,150161196122,57886,UFPE,150.161.50.130,22,REDE_PRODUCAO,tcp,ssh,34,tcp-fin,10187,6738,3449,Brute-Force SSH
2022-09-12T21:24:49.000-03:00,150161196122,57885,UFPE,150.161.50.130,22,REDE_PRODUCAO,tcp,ssh,36,tcp-fin,8312,4887,3425,Brute-Force SSH
2022-09-12T21:24:49.000-03:00,150161196122,57883,UFPE,150.161.50.130,22,REDE_PRODUCAO,tcp,ssh,37,tcp-fin,10448,6939,3509,Brute-Force SSH
2022-09-12T21:24:50.000-03:00,150161196122,57888,UFPE,150.161.50.130,22,REDE_PRODUCAO,tcp,ssh,33,tcp-fin,8156,4845,3311,Brute-Force SSH
2022-09-12T21:24:50.000-03:00,150161196122,57887,UFPE,150.161.50.130,22,REDE_PRODUCAO,tcp,ssh,35,tcp-fin,8376,4951,3425,Brute-Force SSH
2022-09-12T21:24:56.000-03:00,150161196122,57891,UFPE,150.161.50.130,22,REDE_PRODUCAO,tcp,ssh,34,tcp-fin,9138,5839,3299,Brute-Force SSH
2022-09-12T21:24:59.000-03:00,150161196122,57892,UFPE,150.161.50.130,22,REDE_PRODUCAO,tcp,ssh,35,tcp-fin,8610,5245,3365,Brute-Force SSH
2022-09-12T21:25:06.000-03:00,150161196122,57889,UFPE,150.161.50.130,22,REDE_PRODUCAO,tcp,ssh,33,tcp-fin,7996,4637,3359,Brute-Force SSH
2022-09-12T21:25:07.000-03:00,150161196122,57898,UFPE,150.161.50.130,22,REDE_PRODUCAO,tcp,ssh,32,tcp-fin,8028,4637,3391,Brute-Force SSH
2022-09-12T21:25:07.000-03:00,150161196122,57899,UFPE,150.161.50.130,22,REDE_PRODUCAO,tcp,ssh,32,tcp-fin,7996,4637,3359,Brute-Force SSH
2022-09-12T21:25:09.000-03:00,150161196122,57897,UFPE,150.161.50.130,22,REDE_PRODUCAO,tcp,ssh,34,tcp-fin,8222,4797,3425,Brute-Force SSH
2022-09-12T21:25:10.000-03:00,150161196122,57894,UFPE,150.161.50.130,22,REDE_PRODUCAO,tcp,ssh,37,tcp-fin,8040,4669,3371,Brute-Force SSH
2022-09-12T21:25:11.000-03:00,150161196122,57896,UFPE,150.161.50.130,22,REDE_PRODUCAO,tcp,ssh,37,tcp-fin,7890,4515,3375,Brute-Force SSH
2022-09-12T21:25:13.000-03:00,150161196122,57900,UFPE,150.161.50.130,22,REDE_PRODUCAO,tcp,ssh,33,tcp-fin,8094,4669,3425,Brute-Force SSH
2022-09-12T21:25:15.000-03:00,150161196122,57901,UFPE,150.161.50.130,22,REDE_PRODUCAO,tcp,ssh,34,tcp-fin,7626,4393,3233,Brute-Force SSH
2022-09-12T21:25:18.000-03:00,150161196122,57902,UFPE,150.161.50.130,22,REDE_PRODUCAO,tcp,ssh,33,tcp-fin,8092,4787,3305,Brute-Force SSH
2022-09-12T21:25:25.000-03:00,150161196122,57904,UFPE,150.161.50.130,22,REDE_PRODUCAO,tcp,ssh,33,tcp-fin,8370,4999,3371,Brute-Force SSH
2022-09-12T21:25:25.000-03:00,150161196122,57905,UFPE,150.161.50.130,22,REDE_PRODUCAO,tcp,ssh,33,tcp-fin,8216,4845,3371,Brute-Force SSH
2022-09-12T21:25:25.000-03:00,150161196122,57903,UFPE,150.161.50.130,22,REDE_PRODUCAO,tcp,ssh,32,tcp-fin,7994,4515,3479,Brute-Force SSH
2022-09-12T21:25:26.000-03:00,150161196122,57908,UFPE,150.161.50.130,22,REDE_PRODUCAO,tcp,ssh,31,tcp-fin,8058,4579,3479,Brute-Force SSH
2022-09-12T21:25:26.000-03:00,150161196122,57907,UFPE,150.161.50.130,22,REDE_PRODUCAO,tcp,ssh,32,tcp-fin,8154,4669,3485,Brute-Force SSH
2022-09-12T21:25:29.000-03:00,150161196122,57906,UFPE,150.161.50.130,22,REDE_PRODUCAO,tcp,ssh,34,tcp-fin,8308,4823,3485,Brute-Force SSH
2022-09-12T21:25:29.000-03:00,150161196122,57909,UFPE,150.161.50.130,22,REDE_PRODUCAO,tcp,ssh,33,tcp-fin,7910,4611,3299,Brute-Force SSH
2022-09-12T21:25:30.000-03:00,150161196122,57910,UFPE,150.161.50.130,22,REDE_PRODUCAO,tcp,ssh,32,tcp-fin,7874,4515,3359,Brute-Force SSH
2022-09-12T21:25:33.000-03:00,150161196122,57911,UFPE,150.161.50.130,22,REDE_PRODUCAO,tcp,ssh,33,tcp-fin,7874,4515,3359,Brute-Force SSH
2022-09-12T21:25:36.000-03:00,150161196122,57912,UFPE,150.161.50.130,22,REDE_PRODUCAO,tcp,ssh,33,tcp-fin,7814,4515,3299,Brute-Force SSH
2022-09-12T21:25:42.000-03:00,150161196122,57917,UFPE,150.161.50.130,22,REDE_PRODUCAO,tcp,ssh,31,tcp-fin,8126,4701,3425,Brute-Force SSH
2022-09-12T21:25:44.000-03:00,150161196122,57914,UFPE,150.161.50.130,22,REDE_PRODUCAO,tcp,ssh,33,tcp-fin,7816,4457,3359,Brute-Force SSH
2022-09-12T21:25:45.000-03:00,150161196122,57915,UFPE,150.161.50.130,22,REDE_PRODUCAO,tcp,ssh,33,tcp-fin,9048,5611,3437,Brute-Force SSH
2022-09-12T21:25:45.000-03:00,150161196122,57916,UFPE,150.161.50.130,22,REDE_PRODUCAO,tcp,ssh,34,tcp-fin,9048,5611,3437,Brute-Force SSH
2022-09-12T21:25:48.000-03:00,150161196122,57921,UFPE,150.161.50.130,22,REDE_PRODUCAO,tcp,ssh,33,tcp-fin,8188,4877,3311,Brute-Force SSH
2022-09-12T21:25:49.000-03:00,150161196122,57918,UFPE,150.161.50.130,22,REDE_PRODUCAO,tcp,ssh,34,tcp-fin,8496,4999,3497,Brute-Force SSH
2022-09-12T21:25:51.000-03:00,150161196122,57919,UFPE,150.161.50.130,22,REDE_PRODUCAO,tcp,ssh,36,tcp-fin,7812,4393,3419,Brute-Force SSH
2022-09-12T21:25:51.000-03:00,150161196122,57922,UFPE,150.161.50.130,22,REDE_PRODUCAO,tcp,ssh,33,tcp-fin,7874,4515,3359,Brute-Force SSH
2022-09-12T21:25:54.000-03:00,150161196122,57923,UFPE,150.161.50.130,22,REDE_PRODUCAO,tcp,ssh,33,tcp-fin,7934,4521,3413,Brute-Force SSH
2022-09-12T21:26:03.000-03:00,150161196122,57925,UFPE,150.161.50.130,22,REDE_PRODUCAO,tcp,ssh,34,tcp-fin,8222,4803,3419,Brute-Force SSH
2022-09-12T21:26:05.000-03:00,150161196122,57928,UFPE,150.161.50.130,22,REDE_PRODUCAO,tcp,ssh,35,tcp-fin,8232,4791,3441,Brute-Force SSH
2022-09-12T21:26:06.000-03:00,150161196122,57926,UFPE,150.161.50.130,22,REDE_PRODUCAO,tcp,ssh,36,tcp-fin,9602,6051,3551,Brute-Force SSH
2022-09-12T21:26:09.000-03:00,150161196122,57930,UFPE,150.161.50.130,22,REDE_PRODUCAO,tcp,ssh,35,tcp-fin,7934,4515,3419,Brute-Force SSH
2022-09-12T21:26:10.000-03:00,150161196122,57931,UFPE,150.161.50.130,22,REDE_PRODUCAO,tcp,ssh,34,tcp-fin,8088,4669,3419,Brute-Force SSH
2022-09-12T21:26:10.000-03:00,150161196122,57929,UFPE,150.161.50.130,22,REDE_PRODUCAO,tcp,ssh,37,tcp-fin,8252,4887,3365,Brute-Force SSH
2022-09-12T21:26:10.000-03:00,150161196122,57932,UFPE,150.161.50.130,22,REDE_PRODUCAO,tcp,ssh,34,tcp-fin,8784,5227,3557,Brute-Force SSH
2022-09-12T21:26:12.000-03:00,150161196122,57933,UFPE,150.161.50.130,22,REDE_PRODUCAO,tcp,ssh,33,tcp-fin,7746,4393,3353,Brute-Force SSH
2022-09-12T21:26:22.000-03:00,150161196122,57938,UFPE,150.161.50.130,22,REDE_PRODUCAO,tcp,ssh,34,tcp-fin,8088,4669,3419,Brute-Force SSH
2022-09-12T21:26:22.000-03:00,150161196122,57937,UFPE,150.161.50.130,22,REDE_PRODUCAO,tcp,ssh,34,tcp-fin,8028,4669,3359,Brute-Force SSH
2022-09-12T21:26:25.000-03:00,150161196122,57936,UFPE,150.161.50.130,22,REDE_PRODUCAO,tcp,ssh,38,tcp-fin,9266,5775,3491,Brute-Force SSH
2022-09-12T21:26:27.000-03:00,150161196122,57944,UFPE,150.161.50.130,22,REDE_PRODUCAO,tcp,ssh,32,tcp-fin,8558,5121,3437,Brute-Force SSH
2022-09-12T21:26:27.000-03:00,150161196122,57941,UFPE,150.161.50.130,22,REDE_PRODUCAO,tcp,ssh,33,tcp-fin,8125,4754,3371,Brute-Force SSH
2022-09-12T21:26:27.000-03:00,150161196122,57940,UFPE,150.161.50.130,22,REDE_PRODUCAO,tcp,ssh,36,tcp-fin,9674,6051,3623,Brute-Force SSH
2022-09-12T21:26:29.000-03:00,150161196122,57942,UFPE,150.161.50.130,22,REDE_PRODUCAO,tcp,ssh,35,tcp-fin,7450,4265,3185,Brute-Force SSH
2022-09-12T21:26:31.000-03:00,150161196122,57945,UFPE,150.161.50.130,22,REDE_PRODUCAO,tcp,ssh,34,tcp-fin,7966,4547,3419,Brute-Force SSH
2022-09-12T21:26:33.000-03:00,150161196122,57943,UFPE,150.161.50.130,22,REDE_PRODUCAO,tcp,ssh,38,tcp-fin,8628,5185,3443,Brute-Force SSH
2022-09-12T21:26:40.000-03:00,150161196122,57947,UFPE,150.161.50.130,22,REDE_PRODUCAO,tcp,ssh,33,tcp-fin,7846,4547,3299,Brute-Force SSH
2022-09-12T21:26:42.000-03:00,150161196122,57948,UFPE,150.161.50.130,22,REDE_PRODUCAO,tcp,ssh,35,tcp-fin,7846,4547,3299,Brute-Force SSH
2022-09-12T21:26:45.000-03:00,150161196122,57949,UFPE,150.161.50.130,22,REDE_PRODUCAO,tcp,ssh,35,tcp-fin,7874,4515,3359,Brute-Force SSH
2022-09-12T21:26:46.000-03:00,150161196122,57951,UFPE,150.161.50.130,22,REDE_PRODUCAO,tcp,ssh,34,tcp-fin,7966,4547,3419,Brute-Force SSH
2022-09-12T21:26:46.000-03:00,150161196122,57950,UFPE,150.161.50.130,22,REDE_PRODUCAO,tcp,ssh,35,tcp-fin,7890,4515,3375,Brute-Force SSH
2022-09-12T21:26:46.000-03:00,150161196122,57953,UFPE,150.161.50.130,22,REDE_PRODUCAO,tcp,ssh,34,tcp-fin,9272,5775,3497,Brute-Force SSH
2022-09-12T21:26:50.000-03:00,150161196122,57954,UFPE,150.161.50.130,22,REDE_PRODUCAO,tcp,ssh,37,tcp-fin,7686,4393,3293,Brute-Force SSH
2022-09-12T21:26:54.000-03:00,150161196122,57955,UFPE,150.161.50.130,22,REDE_PRODUCAO,tcp,ssh,35,tcp-fin,7746,4393,3353,Brute-Force SSH
2022-09-12T21:27:00.000-03:00,150161196122,57957,UFPE,150.161.50.130,22,REDE_PRODUCAO,tcp,ssh,35,tcp-fin,8374,4823,3551,Brute-Force SSH
2022-09-12T21:27:03.000-03:00,150161196122,57958,UFPE,150.161.50.130,22,REDE_PRODUCAO,tcp,ssh,35,tcp-fin,7708,4393,3315,Brute-Force SSH
2022-09-12T21:27:05.000-03:00,150161196122,57959,UFPE,150.161.50.130,22,REDE_PRODUCAO,tcp,ssh,35,tcp-fin,7814,4515,3299,Brute-Force SSH
2022-09-12T21:27:05.000-03:00,150161196122,57960,UFPE,150.161.50.130,22,REDE_PRODUCAO,tcp,ssh,34,tcp-fin,8094,4669,3425,Brute-Force SSH
2022-09-12T21:27:06.000-03:00,150161196122,57961,UFPE,150.161.50.130,22,REDE_PRODUCAO,tcp,ssh,35,tcp-fin,7626,4393,3233,Brute-Force SSH
2022-09-12T21:27:06.000-03:00,150161196122,57963,UFPE,150.161.50.130,22,REDE_PRODUCAO,tcp,ssh,35,tcp-fin,8442,4945,3497,Brute-Force SSH
2022-09-12T21:27:07.000-03:00,150161196122,57962,UFPE,150.161.50.130,22,REDE_PRODUCAO,tcp,ssh,35,tcp-fin,8122,4637,3485,Brute-Force SSH
2022-09-12T21:27:10.000-03:00,150161196122,57964,UFPE,150.161.50.130,22,REDE_PRODUCAO,tcp,ssh,35,tcp-fin,9046,5621,3425,Brute-Force SSH
2022-09-12T21:27:12.000-03:00,150161196122,57966,UFPE,150.161.50.130,22,REDE_PRODUCAO,tcp,ssh,35,tcp-fin,8062,4637,3425,Brute-Force SSH
2022-09-12T21:27:13.000-03:00,150161196122,57967,UFPE,150.161.50.130,22,REDE_PRODUCAO,tcp,ssh,34,tcp-fin,8222,4791,3431,Brute-Force SSH
2022-09-12T21:27:20.000-03:00,150161196122,57968,UFPE,150.161.50.130,22,REDE_PRODUCAO,tcp,ssh,35,tcp-fin,7906,4547,3359,Brute-Force SSH
2022-09-12T21:27:22.000-03:00,150161196122,57969,UFPE,150.161.50.130,22,REDE_PRODUCAO,tcp,ssh,34,tcp-fin,7752,4393,3359,Brute-Force SSH
2022-09-12T21:27:25.000-03:00,150161196122,57971,UFPE,150.161.50.130,22,REDE_PRODUCAO,tcp,ssh,34,tcp-fin,8314,4823,3491,Brute-Force SSH
2022-09-12T21:27:26.000-03:00,150161196122,57972,UFPE,150.161.50.130,22,REDE_PRODUCAO,tcp,ssh,35,tcp-fin,8722,5067,3655,Brute-Force SSH
2022-09-12T21:27:27.000-03:00,150161196122,57974,UFPE,150.161.50.130,22,REDE_PRODUCAO,tcp,ssh,35,tcp-fin,7808,4515,3293,Brute-Force SSH
2022-09-12T21:27:27.000-03:00,150161196122,57973,UFPE,150.161.50.130,22,REDE_PRODUCAO,tcp,ssh,36,tcp-fin,9354,5929,3425,Brute-Force SSH
2022-09-12T21:27:29.000-03:00,150161196122,57975,UFPE,150.161.50.130,22,REDE_PRODUCAO,tcp,ssh,35,tcp-fin,8376,4999,3377,Brute-Force SSH
2022-09-12T21:27:32.000-03:00,150161196122,57978,UFPE,150.161.50.130,22,REDE_PRODUCAO,tcp,ssh,35,tcp-fin,7940,4515,3425,Brute-Force SSH
2022-09-12T21:27:33.000-03:00,150161196122,57979,UFPE,150.161.50.130,22,REDE_PRODUCAO,tcp,ssh,35,tcp-fin,9454,5897,3557,Brute-Force SSH
2022-09-12T21:27:42.000-03:00,150161196122,57981,UFPE,150.161.50.130,22,REDE_PRODUCAO,tcp,ssh,34,tcp-fin,8930,5621,3309,Brute-Force SSH
2022-09-12T21:27:44.000-03:00,150161196122,57982,UFPE,150.161.50.130,22,REDE_PRODUCAO,tcp,ssh,34,tcp-fin,7934,4521,3413,Brute-Force SSH
2022-09-12T21:27:46.000-03:00,150161196122,57983,UFPE,150.161.50.130,22,REDE_PRODUCAO,tcp,ssh,35,tcp-fin,8288,4791,3497,Brute-Force SSH
2022-09-12T21:27:47.000-03:00,150161196122,57985,UFPE,150.161.50.130,22,REDE_PRODUCAO,tcp,ssh,34,tcp-fin,7692,4393,3299,Brute-Force SSH
2022-09-12T21:27:47.000-03:00,150161196122,57984,UFPE,150.161.50.130,22,REDE_PRODUCAO,tcp,ssh,36,tcp-fin,8480,4977,3503,Brute-Force SSH
2022-09-12T21:27:48.000-03:00,150161196122,57986,UFPE,150.161.50.130,22,REDE_PRODUCAO,tcp,ssh,36,tcp-fin,8184,4759,3425,Brute-Force SSH
2022-09-12T21:27:49.000-03:00,150161196122,57987,UFPE,150.161.50.130,22,REDE_PRODUCAO,tcp,ssh,35,tcp-fin,7862,4547,3315,Brute-Force SSH
2022-09-12T21:27:52.000-03:00,150161196122,57988,UFPE,150.161.50.130,22,REDE_PRODUCAO,tcp,ssh,35,tcp-fin,7912,4547,3365,Brute-Force SSH
2022-09-12T21:28:04.000-03:00,150161196122,57990,UFPE,150.161.50.130,22,REDE_PRODUCAO,tcp,ssh,36,tcp-fin,9704,6147,3557,Brute-Force SSH
2022-09-12T21:28:04.000-03:00,150161196122,57991,UFPE,150.161.50.130,22,REDE_PRODUCAO,tcp,ssh,36,tcp-fin,8080,4765,3315,Brute-Force SSH
2022-09-12T21:28:04.000-03:00,150161196122,57992,UFPE,150.161.50.130,22,REDE_PRODUCAO,tcp,ssh,35,tcp-fin,8404,4967,3437,Brute-Force SSH
2022-09-12T21:28:07.000-03:00,150161196122,57994,UFPE,150.161.50.130,22,REDE_PRODUCAO,tcp,ssh,35,tcp-fin,8226,4845,3381,Brute-Force SSH
2022-09-12T21:28:07.000-03:00,150161196122,57993,UFPE,150.161.50.130,22,REDE_PRODUCAO,tcp,ssh,36,tcp-fin,7450,4265,3185,Brute-Force SSH
2022-09-12T21:28:07.000-03:00,150161196122,57995,UFPE,150.161.50.130,22,REDE_PRODUCAO,tcp,ssh,35,tcp-fin,7814,4515,3299,Brute-Force SSH
2022-09-12T21:28:09.000-03:00,150161196122,57996,UFPE,150.161.50.130,22,REDE_PRODUCAO,tcp,ssh,37,tcp-fin,9548,6051,3497,Brute-Force SSH
2022-09-12T21:28:12.000-03:00,150161196122,57999,UFPE,150.161.50.130,22,REDE_PRODUCAO,tcp,ssh,34,tcp-fin,8722,5335,3387,Brute-Force SSH
2022-09-12T21:28:12.000-03:00,150161196122,57998,UFPE,150.161.50.130,22,REDE_PRODUCAO,tcp,ssh,35,tcp-fin,8094,4669,3425,Brute-Force SSH
2022-09-12T21:28:23.000-03:00,150161196122,58004,UFPE,150.161.50.130,22,REDE_PRODUCAO,tcp,ssh,31,tcp-fin,7496,4377,3119,Brute-Force SSH
2022-09-12T21:28:23.000-03:00,150161196122,58005,UFPE,150.161.50.130,22,REDE_PRODUCAO,tcp,ssh,31,tcp-fin,7238,4207,3031,Brute-Force SSH
2022-09-12T21:28:24.000-03:00,150161196122,58000,UFPE,150.161.50.130,22,REDE_PRODUCAO,tcp,ssh,36,tcp-fin,8512,5009,3503,Brute-Force SSH
2022-09-12T21:28:24.000-03:00,150161196122,58003,UFPE,150.161.50.130,22,REDE_PRODUCAO,tcp,ssh,33,tcp-fin,7148,4111,3037,Brute-Force SSH
2022-09-12T21:28:25.000-03:00,150161196122,58002,UFPE,150.161.50.130,22,REDE_PRODUCAO,tcp,ssh,34,tcp-fin,7358,4201,3157,Brute-Force SSH
2022-09-12T21:28:25.000-03:00,150161196122,58001,UFPE,150.161.50.130,22,REDE_PRODUCAO,tcp,ssh,37,tcp-fin,8862,5365,3497,Brute-Force SSH
2022-09-12T21:28:25.000-03:00,150161196122,58006,UFPE,150.161.50.130,22,REDE_PRODUCAO,tcp,ssh,31,tcp-fin,7014,3989,3025,Brute-Force SSH
2022-09-12T21:28:26.000-03:00,150161196122,58008,UFPE,150.161.50.130,22,REDE_PRODUCAO,tcp,ssh,29,tcp-fin,6660,3765,2895,Brute-Force SSH
2022-09-12T21:28:26.000-03:00,150161196122,58007,UFPE,150.161.50.130,22,REDE_PRODUCAO,tcp,ssh,32,tcp-fin,7686,4387,3299,Brute-Force SSH
